INSERT INTO movies VALUES('tt0421974','Sky Fighters',2005,'Gérard Pirès');
INSERT INTO movies VALUES('tt0378947','Melinda and Melinda',2004,'Woody Allen');
INSERT INTO movies VALUES('tt0278823','Hollywood Ending',2002,'Woody Allen');
INSERT INTO movies VALUES('tt0416320','Match Point',2005,'Woody Allen');
INSERT INTO movies VALUES('tt0218323','Hard Luck',2001,'Jack Rubio');
INSERT INTO movies VALUES('tt0480269','Interview',2007,'Steve Buscemi');
INSERT INTO movies VALUES('tt0228333','Ghosts of Mars',2001,'John Carpenter');
INSERT INTO movies VALUES('tt0216982','Prison Song',2001,'Darnell Martin');
INSERT INTO movies VALUES('tt0218107','Circuit',2001,'Dirk Shafer');
INSERT INTO movies VALUES('tt0217031','Second to Die',2002,'Brad Marlowe');
INSERT INTO movies VALUES('tt0214520','Ties and Ropes',2001,'Herman Van Eyken');
INSERT INTO movies VALUES('tt0216994','Random Acts',2001,'Angela Garcia Combs');
INSERT INTO movies VALUES('tt0214289','Would I Lie to You? 2',2001,'Thomas Gilou');
INSERT INTO movies VALUES('tt0217135','Vortex',2001,'Michael Pohl');
INSERT INTO movies VALUES('tt0257516','Cursed',2005,'Wes Craven');
INSERT INTO movies VALUES('tt0216290','To Protect and Serve',2001,'Joseph Perez');
INSERT INTO movies VALUES('tt0214723','The Penny Promise',2001,'T.C. Christensen');
INSERT INTO movies VALUES('tt0218400','Life Sentence',2004,'Andy Graydon');
INSERT INTO movies VALUES('tt0213985','Partition',2007,'Vic Sarin');
INSERT INTO movies VALUES('tt0216731','Edgeplay',2004,'Victory Tischler-Blue');
INSERT INTO movies VALUES('tt0217100','Toutes les nuits',2001,'Eugène Green');
INSERT INTO movies VALUES('tt0214275','Venus on the Halfshell',2005,'Niels Nielsen');
INSERT INTO movies VALUES('tt0214265','Vajont - La diga del disonore',2001,'Renzo Martinelli');
INSERT INTO movies VALUES('tt0217084','Exam',2003,'Titus Muntean');
INSERT INTO movies VALUES('tt0498380','Letters from Iwo Jima',2006,'Clint Eastwood');
INSERT INTO movies VALUES('tt0327056','Mystic River',2003,'Clint Eastwood');
INSERT INTO movies VALUES('tt0335345','The Passion of the Christ',2004,'Mel Gibson');
INSERT INTO movies VALUES('tt0499469','Emilio',2008,'Kim Jorgensen');
INSERT INTO movies VALUES('tt0496319','The Hottest State',2006,'Ethan Hawke');
INSERT INTO movies VALUES('tt0218390','The Last Place on Earth',2002,'James Slocum');
INSERT INTO movies VALUES('tt0213802','Legion of the Dead',2001,'Olaf Ittenbach');
INSERT INTO movies VALUES('tt0218140','Death and Taxis',2007,'Kevin Mukherji');
INSERT INTO stars (id, name) VALUES('nm0635742','Chris Norr');
INSERT INTO stars (id, name, birthYear) VALUES('nm0520288','Santo Loquasto',1944);
INSERT INTO stars (id, name, birthYear) VALUES('nm0383603','Freddie Highmore',1992);
INSERT INTO stars (id, name, birthYear) VALUES('nm0000114','Steve Buscemi',1957);
INSERT INTO stars (id, name) VALUES('nm0798769','Paula Silver');
INSERT INTO stars (id, name, birthYear) VALUES('nm0000449','Natasha Henstridge',1974);
INSERT INTO stars (id, name, birthYear) VALUES('nm0450974','Andre Khabbazi',1975);
INSERT INTO stars (id, name) VALUES('nm0520749','Robert Lorenz');
INSERT INTO stars (id, name) VALUES('nm0135287','Jennifer Capo');
INSERT INTO stars (id, name) VALUES('nm1157817','Tess Nielsen');
INSERT INTO stars (id, name) VALUES('nm0505518','Lara Levicki-Lavi');
INSERT INTO stars (id, name, birthYear) VALUES('nm0424060','Scarlett Johansson',1984);
INSERT INTO stars (id, name) VALUES('nm0503429','Alisa Lepselter');
INSERT INTO stars (id, name) VALUES('nm0249056','Scott Edelstein');
INSERT INTO stars (id, name) VALUES('nm0385987','Gregory Hinton');
INSERT INTO stars (id, name, birthYear) VALUES('nm0625791','Timothy J. Nelson',1958);
INSERT INTO stars (id, name, birthYear) VALUES('nm0813219','Bruno Solo',1964);
INSERT INTO stars (id, name, birthYear) VALUES('nm0000576','Sean Penn',1960);
INSERT INTO stars (id, name, birthYear) VALUES('nm0027223','Mitchell Anderson',1961);
INSERT INTO stars (id, name, birthYear) VALUES('nm0000091','Gérard Pirès',1942);
INSERT INTO stars (id, name, birthYear) VALUES('nm0858153','Jani Thiltges',1962);
INSERT INTO stars (id, name) VALUES('nm0003410','Howard Heard');
INSERT INTO stars (id, name, birthYear) VALUES('nm0000095','Woody Allen',1935);
INSERT INTO stars (id, name, birthYear) VALUES('nm0500505','Harald Leipnitz',1926);
INSERT INTO stars (id, name, birthYear) VALUES('nm0000001','Fred Astaire',1899);
INSERT INTO stars (id, name, birthYear) VALUES('nm0001937','Marco Beltrami',1966);
INSERT INTO stars (id, name, birthYear) VALUES('nm0000809','Daniel Auteuil',1950);
INSERT INTO stars (id, name) VALUES('nm0233646','Bob Dorian');
INSERT INTO stars (id, name) VALUES('nm0202704','Bruce Davey');
INSERT INTO stars (id, name, birthYear) VALUES('nm0000008','Marlon Brando',1924);
INSERT INTO stars (id, name) VALUES('nm0520870','Alexis Loret');
INSERT INTO stars (id, name, birthYear) VALUES('nm0000017','Marlene Dietrich',1901);
INSERT INTO stars (id, name, birthYear) VALUES('nm0201626','James Darren',1936);
INSERT INTO stars (id, name, birthYear) VALUES('nm0745139','Andrew Rothenberg',1969);
INSERT INTO stars (id, name, birthYear) VALUES('nm0000018','Kirk Douglas',1916);
INSERT INTO stars (id, name, birthYear) VALUES('nm0000032','Charlton Heston',1923);
INSERT INTO stars (id, name, birthYear) VALUES('nm0000035','James Horner',1953);
INSERT INTO stars (id, name, birthYear) VALUES('nm0000041','Akira Kurosawa',1910);
INSERT INTO stars (id, name, birthYear) VALUES('nm0000056','Paul Newman',1925);
INSERT INTO stars (id, name, birthYear) VALUES('nm0000062','Elvis Presley',1935);
INSERT INTO stars (id, name, birthYear) VALUES('nm0000063','Anthony Quinn',1915);
INSERT INTO stars (id, name) VALUES('nm0655184','Vince Pace');
INSERT INTO stars (id, name) VALUES('nm1219075','Kari Krome');
INSERT INTO stars (id, name) VALUES('nm0003003','Ron Gilbert');
INSERT INTO stars (id, name) VALUES('nm0000083','Alan Miller');
INSERT INTO stars (id, name, birthYear) VALUES('nm0000084','Li Gong',1965);
INSERT INTO stars (id, name, birthYear) VALUES('nm0000090','Armin Mueller-Stahl',1930);
INSERT INTO stars (id, name, birthYear) VALUES('nm0000091','Gérard Pirès',1942);
INSERT INTO stars (id, name, birthYear) VALUES('nm0000092','John Cleese',1939);
INSERT INTO stars (id, name, birthYear) VALUES('nm0160621','Scott Christopher',1967);
INSERT INTO stars (id, name, birthYear) VALUES('nm0000093','Brad Pitt',1963);
INSERT INTO stars (id, name, birthYear) VALUES('nm0000095','Woody Allen',1935);
INSERT INTO stars (id, name, birthYear) VALUES('nm0000097','Pamela Anderson',1967);
INSERT INTO stars (id, name, birthYear) VALUES('nm0000098','Jennifer Aniston',1969);
INSERT INTO stars (id, name, birthYear) VALUES('nm0000099','Patricia Arquette',1968);
INSERT INTO stars (id, name, birthYear) VALUES('nm0000100','Rowan Atkinson',1955);
INSERT INTO stars (id, name, birthYear) VALUES('nm0000101','Dan Aykroyd',1952);
INSERT INTO stars (id, name, birthYear) VALUES('nm0000102','Kevin Bacon',1958);
INSERT INTO stars (id, name, birthYear) VALUES('nm0468008','Penka Kouneva',1967);
INSERT INTO stars (id, name) VALUES('nm0973443','Ann Luly');
INSERT INTO stars (id, name) VALUES('nm0320663','Guy Girard');
INSERT INTO stars (id, name) VALUES('nm1598088','Annick Breuil');
INSERT INTO stars (id, name, birthYear) VALUES('nm0702580','Q-Tip',1970);
INSERT INTO stars (id, name, birthYear) VALUES('nm0813285','Alexandru Solomon',1966);
INSERT INTO stars (id, name, birthYear) VALUES('nm0691048','Temistocle Popa',1921);
INSERT INTO stars (id, name, birthYear) VALUES('nm0613305','Titus Muntean',1965);
INSERT INTO stars (id, name) VALUES('nm0135287','Jennifer Capo');
INSERT INTO stars (id, name) VALUES('nm1603520','Kim Roberts');
INSERT INTO stars (id, name, birthYear) VALUES('nm0899786','Gheorghe Visu',1951);
INSERT INTO stars (id, name, birthYear) VALUES('nm2113203','Chris Cooley',1983);
INSERT INTO stars (id, name) VALUES('nm3372985','Jason Thomas');
INSERT INTO stars (id, name) VALUES('nm0430370','Kim Jorgensen');
INSERT INTO stars (id, name) VALUES('nm3372985','Jason Thomas');
INSERT INTO stars (id, name, birthYear) VALUES('nm0942922','Wendell Wright',1948);
INSERT INTO stars (id, name) VALUES('nm0712527','Philippe Ravoet');
INSERT INTO stars (id, name) VALUES('nm0665620','Alejandro Patiño');
INSERT INTO stars (id, name) VALUES('nm0006780','Denis Maloney');
INSERT INTO stars (id, name, birthYear) VALUES('nm0310329','Yvan Gauthier',1969);
INSERT INTO stars_in_movies VALUES('nm0813285','tt0217084');
INSERT INTO stars_in_movies VALUES('nm0691048','tt0217084');
INSERT INTO stars_in_movies VALUES('nm0613305','tt0217084');
INSERT INTO stars_in_movies VALUES('nm0702297','tt0329953');
INSERT INTO stars_in_movies VALUES('nm0899786','tt0217084');
INSERT INTO stars_in_movies VALUES('nm2113203','tt0499469');
INSERT INTO stars_in_movies VALUES('nm3372985','tt0499469');
INSERT INTO stars_in_movies VALUES('nm0430370','tt0499469');
INSERT INTO stars_in_movies VALUES('nm0942922','tt0499469');
INSERT INTO stars_in_movies VALUES('nm0665620','tt0499469');
INSERT INTO stars_in_movies VALUES('nm0660676','tt0217084');
INSERT INTO stars_in_movies VALUES('nm0364963','tt0218323');
INSERT INTO stars_in_movies VALUES('nm0401945','tt0218323');
INSERT INTO stars_in_movies VALUES('nm0003003','tt0218323');
INSERT INTO stars_in_movies VALUES('nm3963441','tt0218323');
INSERT INTO stars_in_movies VALUES('nm3952647','tt0218323');
INSERT INTO stars_in_movies VALUES('nm0748339','tt0218323');
INSERT INTO stars_in_movies VALUES('nm2070737','tt0218323');
INSERT INTO stars_in_movies VALUES('nm0649258','tt0217084');
INSERT INTO stars_in_movies VALUES('nm0603118','tt0217084');
INSERT INTO stars_in_movies VALUES('nm0822130','tt0217084');
INSERT INTO stars_in_movies VALUES('nm0227708','tt0217084');
INSERT INTO stars_in_movies VALUES('nm0900760','tt0217084');
INSERT INTO stars_in_movies VALUES('nm1182556','tt0218140');
INSERT INTO stars_in_movies VALUES('nm0471036','tt0213985');
INSERT INTO stars_in_movies VALUES('nm1603520','tt0213985');
INSERT INTO stars_in_movies VALUES('nm0000117','tt0213985');
INSERT INTO stars_in_movies VALUES('nm0002764','tt0213985');
INSERT INTO stars_in_movies VALUES('nm0363094','tt0213985');
INSERT INTO stars_in_movies VALUES('nm1182556','tt0218140');
INSERT INTO stars_in_movies VALUES('nm0468008','tt0218140');
INSERT INTO stars_in_movies VALUES('nm0002976','tt0218140');
INSERT INTO stars_in_movies VALUES('nm1183035','tt0218140');
INSERT INTO stars_in_movies VALUES('nm1792530','tt0218140');
INSERT INTO stars_in_movies VALUES('nm0700430','tt0218140');
INSERT INTO stars_in_movies VALUES('nm0464620','tt0218140');
INSERT INTO stars_in_movies VALUES('nm0016013','tt0100275');
INSERT INTO stars_in_movies VALUES('nm0702296','tt0214275');
INSERT INTO stars_in_movies VALUES('nm0004947','tt0214275');
INSERT INTO stars_in_movies VALUES('nm0000008','tt0145937');
INSERT INTO stars_in_movies VALUES('nm2282741','tt0214275');
INSERT INTO stars_in_movies VALUES('nm0041263','tt0214275');
INSERT INTO stars_in_movies VALUES('nm0285753','tt0216731');
INSERT INTO stars_in_movies VALUES('nm1088720','tt0216731');
INSERT INTO stars_in_movies VALUES('nm0385987','tt0218107');
INSERT INTO stars_in_movies VALUES('nm0668440','tt0216731');
INSERT INTO stars_in_movies VALUES('nm1219075','tt0216731');
INSERT INTO stars_in_movies VALUES('nm0712527','tt0214520');
INSERT INTO stars_in_movies VALUES('nm0703001','tt0216731');
INSERT INTO stars_in_movies VALUES('nm1653627','tt0216731');
INSERT INTO stars_in_movies VALUES('nm0288831','tt0216731');
INSERT INTO stars_in_movies VALUES('nm0380731','tt0216731');
INSERT INTO stars_in_movies VALUES('nm0089548','tt0216731');
INSERT INTO stars_in_movies VALUES('nm0307833','tt0214275');
INSERT INTO stars_in_movies VALUES('nm0305060','tt0216994');
INSERT INTO stars_in_movies VALUES('nm0000143','tt0217031');
INSERT INTO stars_in_movies VALUES('nm0003957','tt0217031');
INSERT INTO stars_in_movies VALUES('nm0746557','tt0217031');
INSERT INTO stars_in_movies VALUES('nm0131974','tt0217031');
INSERT INTO stars_in_movies VALUES('nm0233162','tt0217031');
INSERT INTO stars_in_movies VALUES('nm1133702','tt0217031');
INSERT INTO stars_in_movies VALUES('nm0798769','tt0217031');
INSERT INTO stars_in_movies VALUES('nm1425267','tt0216994');
INSERT INTO stars_in_movies VALUES('nm0209735','tt0216994');
INSERT INTO stars_in_movies VALUES('nm0542027','tt0216994');
INSERT INTO stars_in_movies VALUES('nm0289439','tt0216994');
INSERT INTO stars_in_movies VALUES('nm0514131','tt0218400');
INSERT INTO stars_in_movies VALUES('nm0003283','tt0218400');
INSERT INTO stars_in_movies VALUES('nm0909928','tt0218400');
INSERT INTO stars_in_movies VALUES('nm0483990','tt0218400');
INSERT INTO stars_in_movies VALUES('nm0249056','tt0218400');
INSERT INTO stars_in_movies VALUES('nm0084193','tt0216994');
INSERT INTO stars_in_movies VALUES('nm0135287','tt0214723');
INSERT INTO stars_in_movies VALUES('nm0201626','tt0216994');
INSERT INTO stars_in_movies VALUES('nm0291054','tt0216982');
INSERT INTO stars_in_movies VALUES('nm0344738','tt0216982');
INSERT INTO stars_in_movies VALUES('nm0613349','tt0214289');
INSERT INTO stars_in_movies VALUES('nm0813219','tt0214289');
INSERT INTO stars_in_movies VALUES('nm0081551','tt0218390');
INSERT INTO stars_in_movies VALUES('nm0027223','tt0218390');
INSERT INTO stars_in_movies VALUES('nm0213752','tt0218390');
INSERT INTO stars_in_movies VALUES('nm0651614','tt0218390');
INSERT INTO stars_in_movies VALUES('nm0000796','tt0218390');
INSERT INTO stars_in_movies VALUES('nm0132896','tt0218390');
INSERT INTO stars_in_movies VALUES('nm0911979','tt0218390');
INSERT INTO stars_in_movies VALUES('nm0841790','tt0218390');
INSERT INTO stars_in_movies VALUES('nm0806121','tt0218390');
INSERT INTO stars_in_movies VALUES('nm0583550','tt0218390');
INSERT INTO stars_in_movies VALUES('nm0229062','tt0214289');
INSERT INTO stars_in_movies VALUES('nm0305296','tt0214289');
INSERT INTO stars_in_movies VALUES('nm0387773','tt0216982');
INSERT INTO stars_in_movies VALUES('nm0004845','tt0216982');
INSERT INTO stars_in_movies VALUES('nm0702580','tt0216982');
INSERT INTO stars_in_movies VALUES('nm1101985','tt0216982');
INSERT INTO stars_in_movies VALUES('nm0552140','tt0216982');
INSERT INTO stars_in_movies VALUES('nm0000134','tt0216982');
INSERT INTO stars_in_movies VALUES('nm0258431','tt0216982');
INSERT INTO stars_in_movies VALUES('nm0742772','tt0216982');
INSERT INTO stars_in_movies VALUES('nm1157817','tt0214275');
INSERT INTO stars_in_movies VALUES('nm0003669','tt0214275');
INSERT INTO stars_in_movies VALUES('nm0553379','tt0214265');
INSERT INTO stars_in_movies VALUES('nm1077854','tt0214265');
INSERT INTO stars_in_movies VALUES('nm0702760','tt0214265');
INSERT INTO stars_in_movies VALUES('nm0005721','tt0214265');
INSERT INTO stars_in_movies VALUES('nm0000809','tt0214265');
INSERT INTO stars_in_movies VALUES('nm0295698','tt0214265');
INSERT INTO stars_in_movies VALUES('nm0603090','tt0214265');
INSERT INTO stars_in_movies VALUES('nm0785664','tt0214265');
INSERT INTO stars_in_movies VALUES('nm0129571','tt0214265');
INSERT INTO stars_in_movies VALUES('nm0675751','tt0214265');
INSERT INTO stars_in_movies VALUES('nm0179182','tt0216290');
INSERT INTO stars_in_movies VALUES('nm0327545','tt0216290');
INSERT INTO stars_in_movies VALUES('nm0542568','tt0216290');
INSERT INTO stars_in_movies VALUES('nm0151637','tt0216290');
INSERT INTO stars_in_movies VALUES('nm0003410','tt0216290');
INSERT INTO stars_in_movies VALUES('nm0956752','tt0216290');
INSERT INTO stars_in_movies VALUES('nm0049134','tt0216290');
INSERT INTO stars_in_movies VALUES('nm0140880','tt0216290');
INSERT INTO stars_in_movies VALUES('nm0030515','tt0216290');
INSERT INTO stars_in_movies VALUES('nm0673531','tt0216290');
INSERT INTO stars_in_movies VALUES('nm0688354','tt0217135');
INSERT INTO stars_in_movies VALUES('nm0773348','tt0217135');
INSERT INTO stars_in_movies VALUES('nm0500505','tt0217135');
INSERT INTO stars_in_movies VALUES('nm0477858','tt0217135');
INSERT INTO stars_in_movies VALUES('nm0774377','tt0217135');
INSERT INTO stars_in_movies VALUES('nm0098680','tt0214275');
INSERT INTO stars_in_movies VALUES('nm0578812','tt0214275');
INSERT INTO stars_in_movies VALUES('nm0630938','tt0214275');
INSERT INTO stars_in_movies VALUES('nm1415193','tt0100275');
INSERT INTO stars_in_movies VALUES('nm0005948','tt0100275');
INSERT INTO stars_in_movies VALUES('nm0765384','tt0100275');
INSERT INTO stars_in_movies VALUES('nm6883878','tt0112502');
INSERT INTO stars_in_movies VALUES('nm0373872','tt0112502');
INSERT INTO stars_in_movies VALUES('nm0227234','tt0112502');
INSERT INTO stars_in_movies VALUES('nm0061662','tt0217100');
INSERT INTO stars_in_movies VALUES('nm0584757','tt0217100');
INSERT INTO stars_in_movies VALUES('nm0337833','tt0217100');
INSERT INTO stars_in_movies VALUES('nm0698821','tt0217100');
INSERT INTO stars_in_movies VALUES('nm0081383','tt0217100');
INSERT INTO stars_in_movies VALUES('nm0520870','tt0217100');
INSERT INTO stars_in_movies VALUES('nm0069188','tt0217100');
INSERT INTO stars_in_movies VALUES('nm0639943','tt0217100');
INSERT INTO stars_in_movies VALUES('nm0281306','tt0217100');
INSERT INTO stars_in_movies VALUES('nm6327047','tt0217100');
INSERT INTO stars_in_movies VALUES('nm1594509','tt0112912');
INSERT INTO stars_in_movies VALUES('nm1646109','tt0112912');
INSERT INTO stars_in_movies VALUES('nm1618640','tt0112912');
INSERT INTO stars_in_movies VALUES('nm1598084','tt0112912');
INSERT INTO stars_in_movies VALUES('nm0501755','tt0112912');
INSERT INTO stars_in_movies VALUES('nm1645893','tt0112912');
INSERT INTO stars_in_movies VALUES('nm0373655','tt0112912');
INSERT INTO stars_in_movies VALUES('nm1594494','tt0112912');
INSERT INTO stars_in_movies VALUES('nm0521523','tt0112912');
INSERT INTO stars_in_movies VALUES('nm0432636','tt0112912');
INSERT INTO stars_in_movies VALUES('nm0002996','tt0113506');
INSERT INTO stars_in_movies VALUES('nm1297149','tt0113506');
INSERT INTO stars_in_movies VALUES('nm0321320','tt0113506');
INSERT INTO stars_in_movies VALUES('nm0821033','tt0113506');
INSERT INTO stars_in_movies VALUES('nm0698235','tt0114447');
INSERT INTO genres VALUES(1,'Action');
INSERT INTO genres VALUES(2,'Adult');
INSERT INTO genres VALUES(3,'Adventure');
INSERT INTO genres VALUES(4,'Animation');
INSERT INTO genres VALUES(5,'Biography');
INSERT INTO genres VALUES(6,'Comedy');
INSERT INTO genres VALUES(7,'Crime');
INSERT INTO genres VALUES(8,'Documentary');
INSERT INTO genres VALUES(9,'Drama');
INSERT INTO genres VALUES(10,'Family');
INSERT INTO genres VALUES(11,'Fantasy');
INSERT INTO genres VALUES(12,'History');
INSERT INTO genres VALUES(13,'Horror');
INSERT INTO genres VALUES(14,'Music');
INSERT INTO genres VALUES(15,'Musical');
INSERT INTO genres VALUES(16,'Mystery');
INSERT INTO genres VALUES(17,'Reality-TV');
INSERT INTO genres VALUES(18,'Romance');
INSERT INTO genres VALUES(19,'Sci-Fi');
INSERT INTO genres VALUES(20,'Sport');
INSERT INTO genres VALUES(21,'Thriller');
INSERT INTO genres VALUES(22,'War');
INSERT INTO genres VALUES(23,'Western');
INSERT INTO genres_in_movies VALUES(9,'tt0499469');
INSERT INTO genres_in_movies VALUES(16,'tt0499469');
INSERT INTO genres_in_movies VALUES(3,'tt0499469');
INSERT INTO genres_in_movies VALUES(9,'tt0217100');
INSERT INTO genres_in_movies VALUES(9,'tt0217084');
INSERT INTO genres_in_movies VALUES(9,'tt0213985');
INSERT INTO genres_in_movies VALUES(6,'tt0214723');
INSERT INTO genres_in_movies VALUES(14,'tt0274407');
INSERT INTO genres_in_movies VALUES(6,'tt0214289');
INSERT INTO genres_in_movies VALUES(6,'tt0274419');
INSERT INTO genres_in_movies VALUES(9,'tt0274424');
INSERT INTO genres_in_movies VALUES(18,'tt0274424');
INSERT INTO genres_in_movies VALUES(9,'tt0214520');
INSERT INTO genres_in_movies VALUES(18,'tt0274428');
INSERT INTO genres_in_movies VALUES(9,'tt0274428');
INSERT INTO genres_in_movies VALUES(8,'tt0216731');
INSERT INTO genres_in_movies VALUES(9,'tt0216994');
INSERT INTO genres_in_movies VALUES(9,'tt0216982');
INSERT INTO genres_in_movies VALUES(14,'tt0216731');
INSERT INTO genres_in_movies VALUES(6,'tt0274428');
INSERT INTO genres_in_movies VALUES(9,'tt0218400');
INSERT INTO genres_in_movies VALUES(9,'tt0218140');
INSERT INTO genres_in_movies VALUES(19,'tt0217135');
INSERT INTO genres_in_movies VALUES(18,'tt0274430');
INSERT INTO genres_in_movies VALUES(6,'tt0274430');
INSERT INTO genres_in_movies VALUES(9,'tt0274430');
INSERT INTO genres_in_movies VALUES(9,'tt0218323');
INSERT INTO genres_in_movies VALUES(6,'tt0274432');
INSERT INTO genres_in_movies VALUES(7,'tt0274457');
INSERT INTO genres_in_movies VALUES(16,'tt0274457');
INSERT INTO genres_in_movies VALUES(9,'tt0274460');
INSERT INTO genres_in_movies VALUES(9,'tt0218390');
INSERT INTO genres_in_movies VALUES(6,'tt0218390');
INSERT INTO genres_in_movies VALUES(21,'tt0217031');
INSERT INTO genres_in_movies VALUES(18,'tt0274626');
INSERT INTO genres_in_movies VALUES(11,'tt0274626');
INSERT INTO genres_in_movies VALUES(9,'tt0274757');
INSERT INTO genres_in_movies VALUES(18,'tt0214275');
INSERT INTO genres_in_movies VALUES(7,'tt0274757');
INSERT INTO genres_in_movies VALUES(19,'tt0274796');
INSERT INTO genres_in_movies VALUES(9,'tt0214265');
INSERT INTO genres_in_movies VALUES(3,'tt0274796');
INSERT INTO genres_in_movies VALUES(9,'tt0218107');
INSERT INTO genres_in_movies VALUES(6,'tt0274812');
INSERT INTO genres_in_movies VALUES(6,'tt0216290');
INSERT INTO genres_in_movies VALUES(18,'tt0274812');
INSERT INTO creditcards VALUES('1354895123485674896', 'Robert', 'Tange', '2006/08/18');
INSERT INTO creditcards VALUES('1351566345587445856', 'Shane', 'Stewart', '2004/04/28');
INSERT INTO creditcards VALUES('1359846518947563489', 'Martha', 'Matthews', '2005/09/27');
INSERT INTO creditcards VALUES('1351594897535684893', 'Joey', 'Larson', '2005/04/24');
INSERT INTO creditcards VALUES('1351597784565853325', 'Fred', 'Terrance', '2005/08/19');
INSERT INTO creditcards VALUES('671301', 'Ryan', 'Kholer', '2006/02/28');
INSERT INTO creditcards VALUES('671302', 'David', 'James', '2005/06/03');
INSERT INTO creditcards VALUES('671303', 'Andy', 'Tsai', '2007/09/11');
INSERT INTO creditcards VALUES('671304', 'Liem', 'Tran', '2005/12/12');
INSERT INTO creditcards VALUES('671305', 'Abraham', 'Lincoln', '2008/11/30');
INSERT INTO creditcards VALUES('671306', 'Pete', 'Rose', '2005/07/04');
INSERT INTO creditcards VALUES('671307', 'Stan', 'Marsh', '2009/08/15');
INSERT INTO creditcards VALUES('671308', 'George', 'Clinton', '2008/04/01');
INSERT INTO creditcards VALUES('671309', 'Al', 'Bundy', '2007/10/10');
INSERT INTO creditcards VALUES('671310', 'Peggy', 'Bundy', '2006/08/19');
INSERT INTO creditcards VALUES('671311', 'Marcy', 'Darcy', '2007/08/13');
INSERT INTO creditcards VALUES('671312', 'Jefferson', 'Darcy', '2006/09/09');
INSERT INTO creditcards VALUES('671313', 'Carole', 'Carlson', '2007/01/13');
INSERT INTO creditcards VALUES('671314', 'Carl', 'Carlson', '2008/03/24');
INSERT INTO creditcards VALUES('671315', 'Kevin', 'Sorbo', '2007/05/21');
INSERT INTO creditcards VALUES('671316', 'Richard', 'Gomez', '2008/06/30');
INSERT INTO customers VALUES(490001, 'James', 'Brown', '490001', '530 White Ave., Los Angeles, CA 91701', 'jbrown@ics185.edu', 'keyboard');
INSERT INTO customers VALUES(490002, 'John', 'Black', '490002', '531 Green Ave., Anaheim, CA 92456', 'jblack@ics185.edu', 'paper');
INSERT INTO customers VALUES(490003, 'Keith', 'White', '490003', '532 Yale Ave., Irvine, CA 92617', 'kwhite@ics185.edu', 'book');
INSERT INTO customers VALUES(490004, 'Kathy', 'Smith', '490004', '533 Alton Ave., Irvine, CA 92654', 'ksmith@ics185.edu', 'light');
INSERT INTO customers VALUES(490005, 'Jane', 'Harris', '490005', '534 Culver Ave., Orange, CA 92156', 'jharris@ics185.edu', 'honey');
INSERT INTO customers VALUES(490006, 'Bonnie', 'Clark', '490006', '535 Barranca Ave., Irvine, CA 92653', 'bclark@ics185.edu', 'funny');
INSERT INTO customers VALUES(490007, 'Jack', 'Garcia', '490007', '536 Campus Ave., Los Angeles, CA 91720', 'jgarcia@ics185.edu', 'window');
INSERT INTO customers VALUES(490008, 'Connie', 'Taylor', '490008', '537 Orange Ave., Orange, CA 92156', 'ctaylor@ics185.edu', 'pencil');
INSERT INTO customers VALUES(490009, 'Mike', 'Davis', '490009', '538 creek Ave., Tustin, CA 92710', 'mdavis@ics185.edu', 'material');
INSERT INTO customers VALUES(490010, 'Jess', 'Jackson', '490010', '539 Main St., Costa Mesa, CA 92711', 'jjackson@ics185.edu', 'cup');
INSERT INTO customers VALUES(490011, 'Cindy', 'Hall', '490011', '540 Creek Ave., Irvine, CA 92704', 'chall@ics185.edu', 'juice');
INSERT INTO customers VALUES(490012, 'Catherine', 'Lee', '490012', '541 McGaw St., Laguna Beach, CA 92720', 'clee@ics185.edu', 'glass');
INSERT INTO customers VALUES(490013, 'Jane', 'Johnson', '490013', '542 Harvard St., Irvine CA 92711', 'jjohnson@ics185.edu', 'tape');
INSERT INTO customers VALUES(490014, 'Fay', 'Berry', '490014', '543 Santa Monica Blvd., Santa Monica, CA 90231', 'fberry@ics185.edu', 'shoes');
INSERT INTO customers VALUES(490015, 'Joyce', 'Stuart', '490015', '544 Cherry Ave., Seal Beach, CA 92615', 'jstuart@ics185.edu', 'bowl');
INSERT INTO customers VALUES(490016, 'David', 'Rice', '490016', '545 El Toro Ave., Laguna Hills, CA 92652', 'drice@ics185.edu', 'board');
INSERT INTO customers VALUES(490017, 'Kyle', 'Shaw', '490017', '546 Fairview Dr., Costa Mesa, CA 92701', 'kshaw@ics185.edu', 'tissue');
INSERT INTO customers VALUES(490018, 'Kate', 'Burman', '490018', '547 Murphy St., Laguna Woods, CA 92811', 'kburman@ics185.edu', 'drink');
INSERT INTO customers VALUES(490019, 'Sherry', 'Milton', '490019', '548 Jamboree St., Irvine, CA 92626', 'smilton@ics185.edu', 'food');
INSERT INTO customers VALUES(490020, 'Bill', 'Brady', '490020', '549 Bryan St., Tustin Ranch, CA 927616', 'bbrady@ics185.edu', 'fruit');
INSERT INTO customers VALUES(755001, 'Amy', 'Adams', '755001', '101 Anteater Ave, Irvine, CA, 92626 ', 'aa@aol.com', 'asdf');
INSERT INTO sales VALUES(13,755003,'tt0439292', '2005/01/20');
INSERT INTO sales VALUES(14,755006,'tt0491015', '2005/01/20');
INSERT INTO sales VALUES(15,755007,'tt0483977', '2005/01/20');
INSERT INTO sales VALUES(16,755008,'tt0417281', '2005/01/20');
INSERT INTO sales VALUES(17,961,'tt0164961', '2005/01/20');
INSERT INTO sales VALUES(18,965,'tt0322365', '2005/01/20');
INSERT INTO sales VALUES(19,967,'tt0318068', '2005/01/20');
INSERT INTO sales VALUES(20,968,'tt0358303', '2005/01/20');
INSERT INTO sales VALUES(21,970,'tt0397550', '2005/01/20');
INSERT INTO sales VALUES(22,971,'tt0427426', '2005/01/20');
INSERT INTO sales VALUES(23,975,'tt0284182', '2005/01/20');
INSERT INTO sales VALUES(24,976,'tt0399144', '2005/01/20');
INSERT INTO sales VALUES(25,977,'tt0479725', '2005/01/20');
INSERT INTO sales VALUES(26,978,'tt0373293', '2005/01/20');
INSERT INTO sales VALUES(27,979,'tt0446687', '2005/01/20');
INSERT INTO sales VALUES(28,135001,'tt0339890', '2001/06/25');
INSERT INTO sales VALUES(29,135001,'tt0431124', '2001/07/25');
INSERT INTO sales VALUES(30,135001,'tt0213149', '2003/08/14');
INSERT INTO sales VALUES(31,135004,'tt0286917', '2002/12/12');
INSERT INTO sales VALUES(32,135005,'tt0455297', '2004/04/28');
INSERT INTO sales VALUES(33,135006,'tt0476456', '2001/06/25');
INSERT INTO ratings VALUES('tt0213802',3,1661);
INSERT INTO ratings VALUES('tt0213985',7,2309);
INSERT INTO ratings VALUES('tt0214265',6.4,830);
INSERT INTO ratings VALUES('tt0214275',7.8,33);
INSERT INTO ratings VALUES('tt0214289',6.3,2724);
INSERT INTO ratings VALUES('tt0214503',3.9,51);
INSERT INTO ratings VALUES('tt0214520',5.7,77);
INSERT INTO ratings VALUES('tt0214723',5.8,62);
INSERT INTO ratings VALUES('tt0215244',3,5);
INSERT INTO ratings VALUES('tt0216290',6.9,30);
INSERT INTO ratings VALUES('tt0216731',7,443);
INSERT INTO ratings VALUES('tt0216982',6.7,451);
INSERT INTO ratings VALUES('tt0216994',6.4,9);
INSERT INTO ratings VALUES('tt0217031',5.9,272);
INSERT INTO ratings VALUES('tt0217084',7.9,443);
INSERT INTO ratings VALUES('tt0499469',7.1,179);
INSERT INTO ratings VALUES('tt0217085',4.8,60);
INSERT INTO ratings VALUES('tt0217100',7,228);
INSERT INTO ratings VALUES('tt0217135',6.2,301);
INSERT INTO ratings VALUES('tt0217716',4.6,41);
INSERT INTO ratings VALUES('tt0218107',5.2,1004);
INSERT INTO ratings VALUES('tt0218126',3.4,364);
INSERT INTO ratings VALUES('tt0218140',8.6,27);
INSERT INTO ratings VALUES('tt0218323',6,171);
INSERT INTO ratings VALUES('tt0218390',6.3,157);
INSERT INTO ratings VALUES('tt0218400',6.3,14);
INSERT INTO users (username, password) VALUES('iamusername', 'iampassword');